id,direction,count,score
1,front,1,4
2,front,2,2
3,front,3,1
4,front,4,2
5,front,5,1
6,front,6,3
7,front,7,3
8,front,8,4
9,front,9,4
10,front,10,2
11,front,11,2
12,front,12,3
13,front,13,5
14,front,14,4
15,front,15,3
16,front,16,2
17,front,17,2
18,front,18,1
19,front,19,2
20,front,20,1
21,front,21,2
22,front,22,4
23,front,23,3
24,front,24,1
25,front,25,4
26,front,26,2
27,front,27,4
28,front,28,3
29,front,29,3
30,front,30,3
31,front,31,1
32,front,32,3
33,front,33,5
34,front,34,4
35,front,35,3
36,front,36,4
37,front,37,3
38,front,38,3
39,front,39,2
40,front,40,2
41,front,41,1
42,front,42,1
43,front,43,1
44,front,44,1
45,front,45,4
46,front,46,3
47,front,47,4
48,front,48,4
49,front,49,2
50,front,50,3
51,front,51,3
52,front,52,5
53,front,53,2
54,front,54,1
55,front,55,4
56,front,56,2
57,front,57,5
58,front,58,3
59,front,59,3
60,front,60,2
61,front,61,5
62,front,62,3
63,front,63,1
64,front,64,5
65,front,65,1
66,front,66,2
67,front,67,2
68,front,68,4
69,front,69,2
70,front,70,2
71,front,71,4
72,front,72,3
73,front,73,2
74,front,74,3
75,front,75,3
76,front,76,2
77,front,77,2
78,front,78,4
79,front,79,4
80,front,80,3
81,front,81,5
82,front,82,4
83,front,83,4
84,front,84,3
85,front,85,2
86,front,86,3
87,front,87,2
88,front,88,3
89,front,89,1
90,front,90,4
91,front,91,5
92,front,92,4
93,front,93,2
94,front,94,2
95,front,95,1
96,front,96,4
97,front,97,5
98,front,98,2
99,front,99,1
100,front,100,4
101,front,101,4
102,front,102,4
103,front,103,3
104,front,104,3
105,front,105,4
106,front,106,3
107,front,107,5
108,front,108,5
109,front,109,2
110,front,110,3
111,front,111,3
112,front,112,3
113,front,113,2
114,front,114,4
115,front,115,2
116,front,116,3
117,front,117,4
118,front,118,4
119,front,119,3
120,front,120,3
121,front,121,4
122,front,122,4
123,front,123,1
124,front,124,2
125,front,125,1
126,front,126,5
127,front,127,3
128,front,128,1
129,front,129,2
130,front,130,3
131,front,131,2
132,front,132,4
133,front,133,4
134,front,134,1
135,front,135,3
136,front,136,4
137,front,137,2
138,front,138,2
139,front,139,2
140,front,140,4
141,front,141,5
142,front,142,2
143,front,143,4
144,front,144,5
145,front,145,3
146,front,146,3
147,front,147,3
148,front,148,2
149,front,149,1
150,front,150,4
151,front,151,4
152,front,152,4
153,front,153,1
154,front,154,1
155,front,155,2
156,front,156,1
157,front,157,3
158,front,158,4
159,front,159,1
160,front,160,4
161,front,161,2
162,front,162,4
163,front,163,1
164,front,164,1
165,front,165,4
166,front,166,4
167,front,167,3
168,front,168,2
169,front,169,5
170,front,170,2
171,front,171,3
172,front,172,4
173,front,173,2
174,front,174,2
175,front,175,1
176,front,176,4
177,front,177,5
178,front,178,4
179,front,179,3
180,front,180,4
181,front,181,5
182,front,182,4
183,front,183,5
184,front,184,3
185,front,185,2
186,front,186,1
187,front,187,3
188,front,188,4
189,front,189,2
190,front,190,5
191,front,191,3
192,front,192,4
193,front,193,4
194,front,194,5
195,front,195,3
196,front,196,3
197,front,197,3
198,front,198,2
199,front,199,1
200,front,200,4
201,front,201,5
202,front,202,5
203,front,203,3
204,front,204,2
205,front,205,3
206,front,206,3
207,front,207,5
208,front,208,3
209,front,209,5
210,front,210,2
211,front,211,5
212,front,212,2
213,front,213,5
214,front,214,3
215,front,215,2
216,front,216,2
217,front,217,2
218,front,218,2
219,front,219,1
220,front,220,1
221,front,221,5
222,front,222,5
223,front,223,4
224,front,224,4
225,front,225,3
226,front,226,2
227,front,227,2
228,front,228,1
229,front,229,4
230,front,230,3
231,front,231,4
232,front,232,2
233,front,233,5
234,front,234,2
235,front,235,3
236,front,236,2
237,front,237,3
238,front,238,4
239,front,239,1
240,front,240,3
241,front,241,2
242,front,242,3
243,front,243,2
244,front,244,1
245,front,245,2
246,front,246,4
247,front,247,3
248,front,248,3
249,front,249,2
250,front,250,5
251,front,251,3
252,front,252,2
253,front,253,2
254,front,254,1
255,front,255,1
256,front,256,1
257,front,257,2
258,front,258,1
259,front,259,1
260,front,260,4
261,front,261,1
262,front,262,4
263,front,263,4
264,front,264,3
265,front,265,2
266,front,266,3
267,front,267,5
268,front,268,4
269,front,269,4
270,front,270,2
271,front,271,4
272,front,272,3
273,front,273,1
274,front,274,3
275,front,275,2
276,front,276,5
277,front,277,2
278,front,278,4
279,front,279,3
280,front,280,4
281,front,281,2
282,front,282,1
283,front,283,4
284,front,284,2
285,front,285,3
286,front,286,2
287,front,287,4
288,front,288,4
289,front,289,4
290,front,290,4
291,front,291,3
292,front,292,2
293,front,293,5
294,front,294,4
295,front,295,4
296,front,296,2
297,front,297,1
298,front,298,3
299,front,299,1
300,front,300,2
301,front,301,3
302,front,302,2
303,front,303,1
304,front,304,3
305,front,305,3
306,front,306,3
307,front,307,4
308,front,308,3
309,front,309,2
310,front,310,1
311,front,311,4
312,front,312,3
313,front,313,2
314,front,314,2
315,front,315,4
316,front,316,3
317,front,317,4
318,front,318,3
319,front,319,3
320,front,320,4
321,front,321,3
322,front,322,3
323,front,323,5
324,front,324,3
325,front,325,4
326,front,326,2
327,front,327,4
328,front,328,1
329,front,329,1
330,front,330,4
331,front,331,4
332,front,332,2
333,front,333,4
334,front,334,1
335,front,335,2
336,front,336,2
337,front,337,2
338,front,338,2
339,front,339,3
340,front,340,2
341,front,341,1
342,front,342,1
343,front,343,3
344,front,344,2
345,front,345,2
346,front,346,1
347,front,347,1
348,front,348,4
349,front,349,5
350,front,350,2
351,front,351,3
352,front,352,4
353,front,353,4
354,front,354,3
355,front,355,4
356,front,356,2
357,front,357,3
358,front,358,3
359,front,359,2
360,front,360,3
361,front,361,2
362,front,362,1
363,front,363,1
364,front,364,2
365,front,365,4
366,front,366,3
367,front,367,5
368,front,368,2
369,front,369,1
370,front,370,1
371,front,371,4
372,front,372,3
373,front,373,3
374,front,374,4
375,front,375,4
376,front,376,2
377,front,377,4
378,front,378,4
379,front,379,2
380,front,380,4
381,front,381,2
382,front,382,2
383,front,383,3
384,front,384,2
385,front,385,2
386,front,386,2
387,front,387,1
388,front,388,2
389,front,389,3
390,front,390,2
391,front,391,4
392,front,392,4
393,front,393,4
394,front,394,4
395,front,395,5
396,front,396,4
397,front,397,4
398,front,398,4
399,front,399,3
400,front,400,2
401,front,401,2
402,front,402,1
403,front,403,4
404,front,404,2
405,front,405,1
406,front,406,3
407,front,407,2
408,front,408,2
409,front,409,4
410,front,410,3
411,front,411,4
412,front,412,5
413,front,413,1
414,front,414,3
415,front,415,3
416,front,416,3
417,front,417,5
418,front,418,1
419,front,419,5
420,front,420,5
421,front,421,1
422,front,422,4
423,front,423,2
424,front,424,1
425,front,425,4
426,front,426,3
427,front,427,5
428,front,428,2
429,front,429,1
430,front,430,3
431,front,431,4
432,front,432,4
433,front,433,3
434,front,434,3
435,front,435,2
436,front,436,2
437,front,437,2
438,front,438,2
439,front,439,3
440,front,440,3
441,front,441,4
442,front,442,2
443,front,443,3
444,front,444,4
445,front,445,4
446,front,446,4
447,front,447,3
448,front,448,4
449,front,449,3
450,front,450,5
451,front,451,3
452,front,452,1
453,front,453,5
454,front,454,4
455,front,455,3
456,front,456,4
457,front,457,4
458,front,458,4
459,front,459,3
460,front,460,2
461,front,461,3
462,front,462,2
463,front,463,4
464,front,464,3
465,front,465,3
466,front,466,4
467,front,467,4
468,front,468,4
469,front,469,2
470,front,470,4
471,front,471,4
472,front,472,4
473,front,473,3
474,front,474,3
475,front,475,2
476,front,476,1
477,front,477,4
478,front,478,4
479,front,479,2
480,front,480,4
481,front,481,4
482,front,482,5
483,front,483,3
484,front,484,3
485,front,485,3
486,front,486,3
487,front,487,4
488,front,488,3
489,front,489,4
490,front,490,4
491,front,491,4
492,front,492,4
493,front,493,3
494,front,494,5
495,front,495,5
496,front,496,5
497,front,497,4
498,front,498,3
499,front,499,4
500,front,500,2
501,front,501,3
502,front,502,2
503,front,503,3
504,front,504,2
505,front,505,2
506,front,506,1
507,front,507,3
508,front,508,3
509,front,509,3
510,front,510,2
511,front,511,4
512,front,512,3
513,front,513,2
514,front,514,3
515,front,515,3
516,front,516,1
517,front,517,4
518,front,518,4
519,front,519,2
520,front,520,1
521,front,521,3
522,front,522,2
523,front,523,2
524,front,524,2
525,front,525,4
526,front,526,3
527,front,527,2
528,front,528,4
529,front,529,4
530,front,530,4
531,front,531,1
532,front,532,2
533,front,533,2
534,front,534,5
535,front,535,2
536,front,536,5
537,front,537,1
538,front,538,4
539,front,539,3
540,front,540,2
541,front,541,4
542,front,542,4
543,front,543,4
544,front,544,4
545,front,545,5
546,front,546,4
547,front,547,2
548,front,548,1
549,front,549,3
550,front,550,2
551,front,551,1
552,front,552,4
553,front,553,3
554,front,554,2
555,front,555,2
556,front,556,1
557,front,557,3
558,front,558,4
559,front,559,2
560,front,560,1
561,front,561,2
562,front,562,3
563,front,563,4
564,front,564,4
565,front,565,4
566,front,566,4
567,front,567,4
568,front,568,2
569,front,569,1
570,front,570,4
571,front,571,4
572,front,572,1
573,front,573,2
574,front,574,3
575,front,575,1
576,front,576,1
577,front,577,1
578,front,578,3
579,front,579,3
580,front,580,3
581,front,581,4
582,front,582,2
583,front,583,1
584,front,584,4
585,front,585,5
586,front,586,5
587,front,587,2
588,front,588,3
589,front,589,2
590,front,590,4
591,front,591,4
592,front,592,4
593,front,593,4
594,front,594,3
595,front,595,4
596,front,596,3
597,front,597,3
598,front,598,1
599,front,599,1
600,front,600,2
601,front,601,4
602,front,602,4
603,front,603,4
604,front,604,3
605,front,605,4
606,front,606,4
607,front,607,1
608,front,608,4
609,front,609,2
610,front,610,3
611,front,611,1
612,front,612,2
613,front,613,4
614,front,614,2
615,front,615,1
616,front,616,3
617,front,617,4
618,front,618,4
619,front,619,2
620,front,620,1
621,front,621,4
622,front,622,3
623,front,623,5
624,front,624,2
625,front,625,2
626,front,626,3
627,front,627,3
628,front,628,3
629,front,629,4
630,front,630,4
631,front,631,4
632,front,632,4
633,front,633,5
634,front,634,4
635,front,635,4
636,front,636,4
637,front,637,3
638,front,638,4
639,front,639,2
640,front,640,4
641,front,641,1
642,front,642,3
643,front,643,1
644,front,644,3
645,front,645,4
646,front,646,2
647,front,647,2
648,front,648,3
649,front,649,4
650,front,650,4
651,front,651,2
652,front,652,2
653,front,653,5
654,front,654,2
655,front,655,3
656,front,656,4
657,front,657,2
658,front,658,1
659,front,659,1
660,front,660,2
661,front,661,4
662,front,662,3
663,front,663,5
664,front,664,4
665,front,665,3
666,front,666,4
667,front,667,3
668,front,668,3
669,front,669,2
670,front,670,4
671,front,671,4
672,front,672,3
673,front,673,2
674,front,674,2
675,front,675,2
676,front,676,2
677,front,677,2
678,front,678,4
679,front,679,3
680,front,680,5
681,front,681,4
682,front,682,2
683,front,683,3
684,front,684,4
685,front,685,4
686,front,686,2
687,front,687,2
688,front,688,2
689,front,689,1
690,front,690,1
691,front,691,3
692,front,692,4
693,front,693,2
694,front,694,3
695,front,695,2
696,front,696,4
697,front,697,2
698,front,698,3
699,front,699,5
700,front,700,2
701,front,701,2
702,front,702,1
703,front,703,3
704,front,704,4
705,front,705,5
706,front,706,4
707,front,707,3
708,front,708,3
709,front,709,2
710,front,710,4
711,front,711,3
712,front,712,4
713,front,713,3
714,front,714,3
715,front,715,2
716,front,716,3
717,front,717,1
718,front,718,4
719,front,719,1
720,front,720,4
721,front,721,4
722,front,722,3
723,front,723,2
724,front,724,4
725,front,725,4
726,front,726,5
727,front,727,3
728,front,728,4
729,front,729,2
730,front,730,2
731,front,731,2
732,front,732,2
733,front,733,1
734,front,734,1
735,front,735,3
736,front,736,1
737,front,737,2
738,front,738,1
739,front,739,3
740,front,740,2
741,front,741,4
742,front,742,1
743,front,743,2
744,front,744,4
745,front,745,1
746,front,746,2
747,front,747,3
748,front,748,2
749,front,749,5
750,front,750,3
751,front,751,4
752,front,752,2
753,front,753,3
754,front,754,3
755,front,755,4
756,front,756,5
757,front,757,3
758,front,758,2
759,front,759,3
760,front,760,2
761,front,761,4
762,front,762,3
763,front,763,3
764,front,764,4
765,front,765,3
766,front,766,3
767,front,767,4
768,front,768,3
769,front,769,4
770,front,770,3
771,front,771,2
772,front,772,3
773,front,773,2
774,front,774,4
775,front,775,2
776,front,776,2
777,front,777,4
778,front,778,1
779,front,779,2
780,front,780,2
781,front,781,4
782,front,782,2
783,front,783,4
784,front,784,1
785,front,785,2
786,front,786,4
787,front,787,4
788,front,788,4
789,front,789,3
790,front,790,2
791,front,791,2
792,front,792,4
793,front,793,2
794,front,794,4
795,front,795,3
796,front,796,5
797,front,797,2
798,front,798,4
799,front,799,3
800,front,800,3
801,front,801,3
802,front,802,2
803,front,803,2
804,front,804,4
805,front,805,3
806,front,806,2
807,front,807,3
808,front,808,4
809,front,809,4
810,front,810,2
811,front,811,3
812,front,812,3
813,front,813,3
814,front,814,2
815,front,815,1
816,front,816,1
817,front,817,4
818,front,818,3
819,front,819,2
820,front,820,5
821,front,821,2
822,front,822,1
823,front,823,3
824,front,824,2
825,front,825,4
826,front,826,4
827,front,827,4
828,front,828,2
829,front,829,4
830,front,830,2
831,front,831,3
832,front,832,1
833,front,833,2
834,front,834,1
835,front,835,1
836,front,836,4
837,front,837,3
838,front,838,4
839,front,839,4
840,front,840,4
841,front,841,5
842,front,842,2
843,front,843,2
844,front,844,3
845,front,845,3
846,front,846,4
847,front,847,4
848,front,848,2
849,front,849,3
850,front,850,5
851,front,851,2
852,front,852,2
853,front,853,4
854,front,854,1
855,front,855,4
856,front,856,4
857,front,857,4
858,front,858,4
859,front,859,2
860,front,860,3
861,front,861,3
862,front,862,3
863,front,863,2
864,front,864,4
865,front,865,2
866,front,866,3
867,front,867,3
868,front,868,3
869,front,869,2
870,front,870,1
871,front,871,4
872,front,872,3
873,front,873,2
874,front,874,5
875,front,875,4
876,front,876,4
877,front,877,4
878,front,878,3
879,front,879,4
880,front,880,3
881,front,881,2
882,front,882,3
883,front,883,2
884,front,884,2
885,front,885,3
886,front,886,3
887,front,887,2
888,front,888,2
889,front,889,4
890,front,890,2
891,front,891,3
892,front,892,3
893,front,893,3
894,front,894,4
895,front,895,3
896,front,896,2
897,front,897,4
898,front,898,3
899,front,899,4
900,front,900,3
901,front,901,4
902,front,902,3
903,front,903,4
904,front,904,2
905,front,905,2
906,front,906,3
907,front,907,2
908,front,908,3
909,front,909,2
910,front,910,1
911,front,911,2
912,front,912,2
913,front,913,4
914,front,914,3
915,front,915,3
916,front,916,5
917,front,917,3
918,front,918,2
919,front,919,1
920,front,920,3
921,front,921,4
922,front,922,4
923,front,923,1
924,front,924,4
925,front,925,4
926,front,926,2
927,front,927,4
928,front,928,1
929,front,929,3
930,front,930,4
931,front,931,2
932,front,932,2
933,front,933,4
934,front,934,2
935,front,935,2
936,front,936,4
937,front,937,3
938,front,938,3
939,front,939,4
940,front,940,3
941,front,941,1
942,front,942,2
943,front,943,2
944,front,944,1
945,front,945,1
946,front,946,1
947,front,947,3
948,front,948,2
949,front,949,3
950,front,950,2
951,front,951,4
952,front,952,2
953,front,953,3
954,front,954,2
955,front,955,2
956,front,956,3
957,front,957,2
958,front,958,4
959,front,959,2
960,front,960,1
961,front,961,3
962,front,962,2
963,front,963,4
964,front,964,3
965,front,965,2
966,front,966,4
967,front,967,3
968,front,968,2
969,front,969,1
970,front,970,4
971,front,971,4
972,front,972,1
973,front,973,2
974,front,974,1
975,front,975,2
976,front,976,1
977,front,977,4
978,front,978,2
979,front,979,3
980,front,980,2
981,front,981,3
982,front,982,2
983,front,983,3
984,front,984,4
985,front,985,3
986,front,986,2
987,front,987,2
988,front,988,2
989,front,989,1
990,front,990,4
991,front,991,2
992,front,992,4
993,front,993,2
994,front,994,4
995,front,995,4
996,front,996,4
997,front,997,1
998,front,998,2
999,front,999,4
1000,front,1000,1
1001,front,1001,2
1002,front,1002,2
1003,front,1003,3
1004,front,1004,3
1005,front,1005,4
1006,front,1006,2
1007,front,1007,2
1008,front,1008,1
1009,front,1009,3
1010,front,1010,2
1011,front,1011,4
1012,front,1012,2
1013,front,1013,2
1014,front,1014,2
1015,front,1015,1
1016,front,1016,1
1017,front,1017,1
1018,front,1018,2
1019,front,1019,3
1020,front,1020,2
1021,front,1021,4
1022,front,1022,3
1023,front,1023,2
1024,front,1024,4
1025,front,1025,3
1026,front,1026,4
1027,front,1027,3
1028,front,1028,4
1029,front,1029,2
1030,front,1030,2
1031,front,1031,3
1032,front,1032,3
1033,front,1033,4
1034,front,1034,2
1035,front,1035,2
1036,front,1036,4
1037,front,1037,3
1038,front,1038,3
1039,front,1039,4
1040,front,1040,2
1041,front,1041,5
1042,front,1042,5
1043,front,1043,3
1044,front,1044,3
1045,front,1045,3
1046,front,1046,4
1047,front,1047,4
1048,front,1048,4
1049,front,1049,4
1050,front,1050,3
1051,front,1051,4
1052,front,1052,4
1053,front,1053,4
1054,front,1054,2
1055,front,1055,2
1056,front,1056,1
1057,front,1057,3
1058,front,1058,2
1059,front,1059,3
1060,front,1060,3
1061,front,1061,4
1062,front,1062,3
1063,front,1063,4
1064,front,1064,4
1065,front,1065,4
1066,front,1066,2
1067,front,1067,4
1068,front,1068,4
1069,front,1069,4
1070,front,1070,2
1071,front,1071,3
1072,front,1072,4
1073,front,1073,4
1074,front,1074,2
1075,front,1075,2
1076,front,1076,3
1077,front,1077,2
1078,front,1078,4
1079,front,1079,4
1080,front,1080,3
1081,front,1081,2
1082,front,1082,4
1083,front,1083,4
1084,front,1084,3
1085,front,1085,3
1086,front,1086,4
1087,front,1087,3
1088,front,1088,2
1089,front,1089,2
1090,front,1090,2
1091,front,1091,3
1092,front,1092,4
1093,front,1093,2
1094,front,1094,4
1095,front,1095,3
1096,front,1096,3
1097,front,1097,3
1098,front,1098,2
1099,front,1099,2
1100,front,1100,2
1101,front,1101,1
1102,front,1102,1
1103,front,1103,1
1104,front,1104,2
1105,front,1105,1
1106,front,1106,4
1107,front,1107,3
1108,front,1108,2
1109,front,1109,3
1110,front,1110,3
1111,front,1111,4
1112,front,1112,4
1113,front,1113,4
1114,front,1114,4
1115,front,1115,2
1116,front,1116,2
1117,front,1117,1
1118,front,1118,2
1119,front,1119,3
1120,front,1120,2
1121,front,1121,3
1122,front,1122,3
1123,front,1123,2
1124,front,1124,2
1125,front,1125,3
1126,front,1126,2
1127,front,1127,2
1128,front,1128,1
1129,front,1129,2
1130,front,1130,1
1131,front,1131,3
1132,front,1132,4
1133,front,1133,2
1134,front,1134,4
1135,front,1135,2
1136,front,1136,3
1137,front,1137,1
1138,front,1138,3
1139,front,1139,4
1140,front,1140,3
1141,front,1141,5
1142,front,1142,4
1143,front,1143,2
1144,front,1144,4
1145,front,1145,3
1146,front,1146,4
1147,front,1147,3
1148,front,1148,3
1149,front,1149,4
1150,front,1150,3
1151,front,1151,4
1152,front,1152,4
1153,front,1153,2
1154,front,1154,3
1155,front,1155,4
1156,front,1156,3
1157,front,1157,2
1158,front,1158,3
1159,front,1159,4
1160,front,1160,4
1161,front,1161,2
1162,front,1162,2
1163,front,1163,1
1164,front,1164,3
1165,front,1165,2
1166,front,1166,3
1167,front,1167,2
1168,front,1168,1
1169,front,1169,2
1170,front,1170,4
1171,front,1171,4
1172,front,1172,4
1173,front,1173,3
1174,front,1174,3
1175,front,1175,3
1176,front,1176,2
1177,front,1177,2
1178,front,1178,3
1179,front,1179,3
1180,front,1180,2
1181,front,1181,4
1182,front,1182,4
1183,front,1183,3
1184,front,1184,4
1185,front,1185,3
1186,front,1186,4
1187,front,1187,3
1188,front,1188,4
1189,front,1189,2
1190,front,1190,2
1191,front,1191,4
1192,front,1192,2
1193,front,1193,2
1194,front,1194,2
1195,front,1195,3
1196,front,1196,3
1197,front,1197,3
1198,front,1198,2
1199,front,1199,2
1200,front,1200,3
1201,front,1201,2
1202,front,1202,1
1203,front,1203,1
1204,front,1204,4
1205,front,1205,4
1206,front,1206,2
1207,front,1207,2
1208,front,1208,4
1209,front,1209,3
1210,front,1210,4
1211,front,1211,2
1212,front,1212,3
1213,front,1213,3
1214,front,1214,4
1215,front,1215,2
1216,front,1216,2
1217,front,1217,3
1218,front,1218,1
1219,front,1219,3
1220,front,1220,4
1221,front,1221,2
1222,front,1222,4
1223,front,1223,4
1224,front,1224,3
1225,front,1225,3
1226,front,1226,4
1227,front,1227,3
1228,front,1228,2
1229,front,1229,3
1230,front,1230,2
1231,front,1231,3
1232,front,1232,4
1233,front,1233,4
1234,front,1234,2
1235,front,1235,4
1236,front,1236,2
1237,front,1237,1
1238,front,1238,3
1239,front,1239,2
1240,front,1240,1
1241,front,1241,4
1242,front,1242,3
1243,front,1243,2
1244,front,1244,3
1245,front,1245,2
1246,front,1246,1
1247,front,1247,1
1248,front,1248,2
1249,front,1249,1
1250,front,1250,1
1251,front,1251,3
1252,front,1252,4
1253,front,1253,4
1254,front,1254,4
1255,front,1255,4
1256,front,1256,2
1257,front,1257,3
1258,front,1258,1
1259,front,1259,4
1260,front,1260,2
1261,front,1261,4
1262,front,1262,3
1263,front,1263,3
1264,front,1264,3
1265,front,1265,3
1266,front,1266,4
1267,front,1267,3
1268,front,1268,1
1269,front,1269,3
1270,front,1270,1
1271,front,1271,4
1272,front,1272,2
1273,front,1273,4
1274,front,1274,2
1275,front,1275,2
1276,front,1276,4
1277,front,1277,2
1278,front,1278,4
1279,front,1279,3
1280,front,1280,4
1281,front,1281,4
1282,front,1282,4
1283,front,1283,3
1284,front,1284,2
1285,front,1285,4
1286,front,1286,1
1287,front,1287,2
1288,front,1288,4
1289,front,1289,3
1290,front,1290,4
1291,front,1291,3
1292,front,1292,4
1293,front,1293,3
1294,front,1294,4
1295,front,1295,2
1296,front,1296,3
1297,front,1297,2
1298,front,1298,3
1299,front,1299,1
1300,front,1300,3
1301,front,1301,5
1302,front,1302,3
1303,front,1303,4
1304,front,1304,4
1305,front,1305,4
1306,front,1306,2
1307,front,1307,3
1308,front,1308,3
1309,front,1309,4
1310,front,1310,3
1311,front,1311,4
1312,front,1312,2
1313,front,1313,2
1314,front,1314,1
1315,front,1315,4
1316,front,1316,2
1317,front,1317,4
1318,front,1318,3
1319,front,1319,3
1320,front,1320,2
1321,front,1321,2
1322,front,1322,2
1323,front,1323,4
1324,front,1324,4
1325,front,1325,2
1326,front,1326,3
1327,front,1327,1
1328,front,1328,1
1329,front,1329,4
1330,front,1330,4
1331,front,1331,4
1332,front,1332,4
1333,front,1333,3
1334,front,1334,2
1335,front,1335,3
1336,front,1336,1
1337,front,1337,1
1338,front,1338,4
1339,front,1339,2
1340,front,1340,4
1341,front,1341,3
1342,front,1342,1
1343,front,1343,3
1344,front,1344,2
1345,front,1345,4
1346,front,1346,1
1347,front,1347,1
1348,front,1348,1
1349,front,1349,4
1350,front,1350,3
1351,front,1351,4
1352,front,1352,3
1353,front,1353,4
1354,front,1354,3
1355,front,1355,2
1356,front,1356,3
1357,front,1357,3
1358,front,1358,2
1359,front,1359,1
1360,front,1360,2
1361,front,1361,2
1362,front,1362,3
1363,front,1363,1
1364,front,1364,1
1365,front,1365,4
1366,front,1366,1
1367,front,1367,1
1368,front,1368,2
1369,front,1369,1
1370,front,1370,3
1371,front,1371,2
1372,front,1372,1
1373,front,1373,3
1374,front,1374,3
1375,front,1375,4
1376,front,1376,4
1377,front,1377,3
1378,front,1378,2
1379,front,1379,3
1380,front,1380,2
1381,front,1381,3
1382,front,1382,2
1383,front,1383,4
1384,front,1384,4
1385,front,1385,3
1386,front,1386,4
1387,front,1387,2
1388,front,1388,2
1389,front,1389,3
1390,front,1390,4
1391,front,1391,4
1392,front,1392,3
1393,front,1393,3
1394,front,1394,3
1395,front,1395,3
1396,front,1396,2
1397,front,1397,4
1398,front,1398,4
1399,front,1399,3
1400,front,1400,2
1401,front,1401,3
1402,front,1402,4
1403,front,1403,2
1404,front,1404,4
1405,front,1405,2
1406,front,1406,4
1407,front,1407,3
1408,front,1408,4
1409,front,1409,2
1410,front,1410,1
1411,front,1411,1
1412,front,1412,3
1413,front,1413,3
1414,front,1414,2
1415,front,1415,3
1416,front,1416,1
1417,front,1417,3
1418,front,1418,3
1419,front,1419,2
1420,front,1420,3
1421,front,1421,2
1422,front,1422,2
1423,front,1423,3
1424,front,1424,2
1425,front,1425,1
1426,front,1426,1
1427,front,1427,4
1428,front,1428,2
1429,front,1429,1
1430,front,1430,1
1431,front,1431,3
1432,front,1432,2
1433,front,1433,1
1434,front,1434,1
1435,front,1435,4
1436,front,1436,2
1437,front,1437,2
1438,front,1438,1
1439,front,1439,2
1440,front,1440,1
1441,front,1441,1
1442,front,1442,2
1443,front,1443,2
1444,front,1444,2
1445,front,1445,2
1446,front,1446,1
1447,front,1447,1
1448,front,1448,1
1449,front,1449,2
1450,front,1450,2
1451,front,1451,3
1452,front,1452,2
1453,front,1453,1
1454,front,1454,2
1455,front,1455,1
1456,front,1456,1
1457,front,1457,1
1458,front,1458,2
1459,front,1459,4
1460,front,1460,3
1461,front,1461,4
1462,front,1462,3
1463,front,1463,5
1464,front,1464,4
1465,front,1465,3
1466,front,1466,3
1467,front,1467,2
1468,front,1468,4
1469,front,1469,3
1470,front,1470,2
1471,front,1471,4
1472,front,1472,2
1473,front,1473,5
1474,front,1474,3
1475,front,1475,2
1476,front,1476,4
1477,front,1477,3
1478,front,1478,3
1479,front,1479,3
1480,front,1480,4
1481,front,1481,2
1482,front,1482,4
1483,front,1483,3
1484,front,1484,2
1485,front,1485,2
1486,front,1486,3
1487,front,1487,2
1488,front,1488,2
1489,front,1489,4
1490,front,1490,4
1491,front,1491,3
1492,front,1492,2
1493,front,1493,4
1494,front,1494,4
1495,front,1495,4
1496,front,1496,4
1497,front,1497,2
1498,front,1498,3
1499,front,1499,2
1500,front,1500,4
1501,front,1501,3
1502,front,1502,3
1503,front,1503,3
1504,front,1504,4
1505,front,1505,4
1506,front,1506,3
1507,front,1507,4
1508,front,1508,4
1509,front,1509,4
1510,front,1510,2
1511,front,1511,3
1512,front,1512,2
1513,front,1513,4
1514,front,1514,3
1515,front,1515,2
1516,front,1516,2
1517,front,1517,2
1518,front,1518,1
1519,front,1519,2
1520,front,1520,3
1521,front,1521,2
1522,front,1522,1
1523,front,1523,3
1524,front,1524,1
1525,front,1525,1
1526,front,1526,1
1527,front,1527,4
1528,front,1528,2
1529,front,1529,1
1530,front,1530,1
1531,front,1531,2
1532,front,1532,1
1533,front,1533,4
1534,front,1534,2
1535,front,1535,4
1536,front,1536,3
1537,front,1537,1
1538,front,1538,4
1539,front,1539,4
1540,front,1540,4
1541,front,1541,2
1542,front,1542,3
1543,front,1543,3
1544,front,1544,2
1545,front,1545,2
1546,front,1546,3
1547,front,1547,3
1548,front,1548,2
1549,front,1549,1
1550,front,1550,3
1551,front,1551,2
1552,front,1552,1
1553,front,1553,3
1554,front,1554,2
1555,front,1555,1
1556,front,1556,1
1557,front,1557,1
1558,front,1558,4
1559,front,1559,4
1560,front,1560,2
1561,front,1561,3
1562,front,1562,2
1563,front,1563,2
1564,front,1564,4
1565,front,1565,2
1566,front,1566,4
1567,front,1567,3
1568,front,1568,2
1569,front,1569,3
1570,front,1570,1
1571,front,1571,4
1572,front,1572,4
1573,front,1573,3
1574,front,1574,2
1575,front,1575,4
1576,front,1576,4
1577,front,1577,3
1578,front,1578,4
1579,front,1579,2
1580,front,1580,2
1581,front,1581,1
1582,front,1582,4
1583,front,1583,3
1584,front,1584,2
1585,front,1585,1
1586,front,1586,3
1587,front,1587,3
1588,front,1588,1
1589,front,1589,2
1590,front,1590,1
1591,front,1591,3
1592,front,1592,3
1593,front,1593,4
1594,front,1594,3
1595,front,1595,4
1596,front,1596,4
1597,front,1597,4
1598,front,1598,5
1599,front,1599,4
1600,front,1600,3
1601,front,1601,2
1602,front,1602,1
1603,front,1603,1
1604,front,1604,1
1605,front,1605,3
1606,front,1606,3
1607,front,1607,1
1608,front,1608,4
1609,front,1609,1
1610,front,1610,4
1611,front,1611,3
1612,front,1612,2
1613,front,1613,3
1614,front,1614,4
1615,front,1615,1
1616,front,1616,4
1617,front,1617,4
1618,front,1618,3
1619,front,1619,2
1620,front,1620,4
1621,front,1621,1
1622,front,1622,4
1623,front,1623,3
1624,front,1624,2
1625,front,1625,2
1626,front,1626,3
1627,front,1627,3
1628,front,1628,4
1629,front,1629,4
1630,front,1630,4
1631,front,1631,4
1632,front,1632,3
1633,front,1633,3
1634,front,1634,5
1635,front,1635,3
1636,front,1636,2
1637,front,1637,2
1638,front,1638,1
1639,front,1639,1
1640,front,1640,3
1641,front,1641,4
1642,front,1642,4
1643,front,1643,5
1644,front,1644,3
1645,front,1645,3
1646,front,1646,4
1647,front,1647,2
1648,front,1648,2
1649,front,1649,4
1650,front,1650,4
1651,front,1651,4
1652,front,1652,3
1653,front,1653,1
1654,front,1654,5
1655,front,1655,3
1656,front,1656,3
1657,front,1657,3
1658,front,1658,2
1659,front,1659,3
1660,front,1660,2
1661,front,1661,3
1662,front,1662,4
1663,front,1663,4
1664,front,1664,5
1665,front,1665,3
1666,front,1666,5
1667,front,1667,2
1668,front,1668,3
1669,front,1669,4
1670,front,1670,3
1671,front,1671,4
1672,front,1672,2
1673,front,1673,2
1674,front,1674,1
1675,front,1675,1
1676,front,1676,3
1677,front,1677,3
1678,front,1678,1
1679,front,1679,1
1680,front,1680,2
1681,front,1681,1
1682,front,1682,3
1683,front,1683,2
1684,front,1684,1
1685,front,1685,1
1686,front,1686,3
1687,front,1687,2
1688,front,1688,2
1689,front,1689,3
1690,front,1690,2
1691,front,1691,3
1692,front,1692,4
1693,front,1693,2
1694,front,1694,4
1695,front,1695,4
1696,front,1696,2
1697,front,1697,3
1698,front,1698,2
1699,front,1699,3
1700,front,1700,3
1701,front,1701,3
1702,front,1702,3
1703,front,1703,5
1704,front,1704,2
1705,front,1705,1
1706,front,1706,1
1707,front,1707,4
1708,front,1708,3
1709,front,1709,4
1710,front,1710,4
1711,front,1711,4
1712,front,1712,5
1713,front,1713,1
1714,front,1714,4
1715,front,1715,2
1716,front,1716,4
1717,front,1717,1
1718,front,1718,2
1719,front,1719,3
1720,front,1720,2
1721,front,1721,1
1722,front,1722,2
1723,front,1723,3
1724,front,1724,3
1725,front,1725,3
1726,front,1726,3
1727,front,1727,3
1728,front,1728,3
1729,front,1729,3
1730,front,1730,2
1731,front,1731,3
1732,front,1732,2
1733,front,1733,3
1734,front,1734,3
1735,front,1735,2
1736,front,1736,3
1737,front,1737,2
1738,front,1738,2
1739,front,1739,3
1740,front,1740,3
1741,front,1741,2
1742,front,1742,4
1743,front,1743,5
1744,front,1744,3
1745,front,1745,3
1746,front,1746,3
1747,front,1747,2
1748,front,1748,5
1749,front,1749,3
1750,front,1750,2
1751,front,1751,3
1752,front,1752,2
1753,front,1753,4
1754,front,1754,4
1755,front,1755,1
1756,front,1756,3
1757,front,1757,4
1758,front,1758,2
1759,front,1759,4
1760,front,1760,3
1761,front,1761,3
1762,front,1762,2
1763,front,1763,2
1764,front,1764,4
1765,front,1765,4
1766,front,1766,4
1767,front,1767,2
1768,front,1768,2
1769,front,1769,4
1770,front,1770,4
1771,front,1771,5
1772,front,1772,1
1773,front,1773,3
1774,front,1774,2
1775,front,1775,4
1776,front,1776,1
1777,front,1777,1
1778,front,1778,2
1779,front,1779,2
1780,front,1780,1
1781,front,1781,4
1782,front,1782,3
1783,front,1783,3
1784,front,1784,2
1785,front,1785,2
1786,front,1786,4
1787,front,1787,3
1788,front,1788,3
1789,front,1789,1
1790,front,1790,3
1791,front,1791,2
1792,front,1792,1
1793,front,1793,1
1794,front,1794,3
1795,front,1795,3
1796,front,1796,3
1797,front,1797,3
1798,front,1798,2
1799,front,1799,3
1800,front,1800,2
1801,front,1801,4
1802,front,1802,3
1803,front,1803,2
1804,front,1804,3
1805,front,1805,2
1806,front,1806,3
1807,front,1807,1
1808,front,1808,2
1809,front,1809,1
1810,front,1810,4
1811,front,1811,4
1812,front,1812,4
1813,front,1813,2
1814,front,1814,1
1815,front,1815,2
1816,front,1816,4
1817,front,1817,2
1818,front,1818,2
1819,front,1819,3
1820,front,1820,4
1821,front,1821,2
1822,front,1822,2
1823,front,1823,3
1824,front,1824,4
1825,front,1825,2
1826,front,1826,3
1827,front,1827,3
1828,front,1828,3
1829,front,1829,4
1830,front,1830,3
1831,front,1831,2
1832,front,1832,4
1833,front,1833,2
1834,front,1834,2
1835,front,1835,1
1836,front,1836,4
1837,front,1837,3
1838,front,1838,3
1839,front,1839,3
1840,front,1840,4
1841,front,1841,2
1842,front,1842,3
1843,front,1843,3
1844,front,1844,2
1845,front,1845,4
1846,front,1846,2
1847,front,1847,4
1848,front,1848,3
1849,front,1849,2
1850,front,1850,4
1851,front,1851,1
1852,front,1852,3
1853,front,1853,1
1854,front,1854,1
1855,front,1855,3
1856,front,1856,3
1857,front,1857,2
1858,front,1858,2
1859,front,1859,2
1860,front,1860,4
1861,front,1861,4
1862,front,1862,4
1863,front,1863,1
1864,front,1864,2
1865,front,1865,4
1866,front,1866,4
1867,front,1867,1
1868,front,1868,3
1869,front,1869,4
1870,front,1870,2
1871,front,1871,1
1872,front,1872,4
1873,front,1873,2
1874,front,1874,2
1875,front,1875,4
1876,front,1876,2
1877,front,1877,4
1878,front,1878,4
1879,front,1879,2
1880,front,1880,3
1881,front,1881,2
1882,front,1882,2
1883,front,1883,4
1884,front,1884,2
1885,front,1885,4
1886,front,1886,4
1887,front,1887,2
1888,front,1888,1
1889,front,1889,1
1890,front,1890,4
1891,front,1891,2
1892,front,1892,2
1893,front,1893,3
1894,front,1894,2
1895,front,1895,1
1896,front,1896,4
1897,front,1897,2
1898,front,1898,1
1899,front,1899,5
1900,front,1900,2
1901,front,1901,3
1902,front,1902,2
1903,front,1903,1
1904,front,1904,4
1905,front,1905,2
1906,front,1906,1
1907,front,1907,4
1908,front,1908,5
1909,front,1909,5
1910,front,1910,1
1911,front,1911,3
1912,front,1912,1
1913,front,1913,3
1914,front,1914,5
1915,front,1915,2
1916,front,1916,3
1917,front,1917,3
1918,front,1918,4
1919,front,1919,2
1920,front,1920,2
1921,front,1921,2
1922,front,1922,2
1923,front,1923,4
1924,front,1924,3
1925,front,1925,2
1926,front,1926,4
1927,front,1927,2
1928,front,1928,1
1929,front,1929,1
1930,front,1930,4
1931,front,1931,4
1932,front,1932,4
1933,front,1933,3
1934,front,1934,2
1935,front,1935,1
1936,front,1936,4
1937,front,1937,3
1938,front,1938,4
1939,front,1939,3
1940,front,1940,4
1941,front,1941,2
1942,front,1942,4
1943,front,1943,3
1944,front,1944,2
1945,front,1945,3
1946,front,1946,4
1947,front,1947,3
1948,front,1948,2
1949,front,1949,4
1950,front,1950,3
1951,front,1951,3
1952,front,1952,2
1953,front,1953,1
1954,front,1954,2
1955,front,1955,1
1956,front,1956,3
1957,front,1957,2
1958,front,1958,3
1959,front,1959,4
1960,front,1960,2
1961,front,1961,1
1962,front,1962,2
1963,front,1963,1
1964,front,1964,2
1965,front,1965,1
1966,front,1966,3
1967,front,1967,2
1968,front,1968,1
1969,front,1969,2
1970,front,1970,1
1971,front,1971,2
1972,front,1972,3
1973,front,1973,4
1974,front,1974,2
1975,front,1975,2
1976,front,1976,3
1977,front,1977,2
1978,front,1978,3
1979,front,1979,3
1980,front,1980,4
1981,front,1981,3
1982,front,1982,2
1983,front,1983,2
1984,front,1984,1
1985,front,1985,3
1986,front,1986,2
1987,front,1987,1
1988,front,1988,1
1989,front,1989,2
1990,front,1990,3
1991,front,1991,3
1992,front,1992,3
1993,front,1993,4
1994,front,1994,4
1995,front,1995,3
1996,front,1996,3
1997,front,1997,2
1998,front,1998,4
1999,front,1999,4
2000,front,2000,1
2001,left,1,3
2002,left,2,3
2003,left,3,4
2004,left,4,2
2005,left,5,4
2006,left,6,2
2007,left,7,1
2008,left,8,1
2009,left,9,4
2010,left,10,2
2011,left,11,4
2012,left,12,2
2013,left,13,1
2014,left,14,3
2015,left,15,2
2016,left,16,3
2017,left,17,3
2018,left,18,2
2019,left,19,3
2020,left,20,2
2021,left,21,3
2022,left,22,3
2023,left,23,2
2024,left,24,2
2025,left,25,1
2026,left,26,4
2027,left,27,2
2028,left,28,4
2029,left,29,4
2030,left,30,2
2031,left,31,3
2032,left,32,3
2033,left,33,4
2034,left,34,2
2035,left,35,3
2036,left,36,4
2037,left,37,3
2038,left,38,3
2039,left,39,5
2040,left,40,3
2041,left,41,2
2042,left,42,1
2043,left,43,2
2044,left,44,2
2045,left,45,2
2046,left,46,2
2047,left,47,4
2048,left,48,2
2049,left,49,4
2050,left,50,3
2051,left,51,4
2052,left,52,1
2053,left,53,3
2054,left,54,1
2055,left,55,1
2056,left,56,1
2057,left,57,3
2058,left,58,4
2059,left,59,3
2060,left,60,3
2061,left,61,4
2062,left,62,3
2063,left,63,3
2064,left,64,4
2065,left,65,4
2066,left,66,4
2067,left,67,3
2068,left,68,1
2069,left,69,2
2070,left,70,2
2071,left,71,4
2072,left,72,4
2073,left,73,4
2074,left,74,4
2075,left,75,5
2076,left,76,1
2077,left,77,2
2078,left,78,5
2079,left,79,3
2080,left,80,2
2081,left,81,2
2082,left,82,3
2083,left,83,3
2084,left,84,4
2085,left,85,3
2086,left,86,4
2087,left,87,2
2088,left,88,3
2089,left,89,4
2090,left,90,2
2091,left,91,2
2092,left,92,2
2093,left,93,3
2094,left,94,3
2095,left,95,3
2096,left,96,1
2097,left,97,2
2098,left,98,1
2099,left,99,3
2100,left,100,3
2101,left,101,3
2102,left,102,4
2103,left,103,4
2104,left,104,3
2105,left,105,2
2106,left,106,1
2107,left,107,2
2108,left,108,1
2109,left,109,3
2110,left,110,4
2111,left,111,2
2112,left,112,3
2113,left,113,2
2114,left,114,4
2115,left,115,3
2116,left,116,2
2117,left,117,1
2118,left,118,2
2119,left,119,4
2120,left,120,1
2121,left,121,3
2122,left,122,3
2123,left,123,3
2124,left,124,3
2125,left,125,3
2126,left,126,3
2127,left,127,2
2128,left,128,2
2129,left,129,3
2130,left,130,5
2131,left,131,3
2132,left,132,1
2133,left,133,2
2134,left,134,3
2135,left,135,3
2136,left,136,2
2137,left,137,3
2138,left,138,2
2139,left,139,2
2140,left,140,1
2141,left,141,4
2142,left,142,3
2143,left,143,3
2144,left,144,4
2145,left,145,4
2146,left,146,3
2147,left,147,4
2148,left,148,4
2149,left,149,2
2150,left,150,4
2151,left,151,4
2152,left,152,4
2153,left,153,4
2154,left,154,2
2155,left,155,1
2156,left,156,1
2157,left,157,2
2158,left,158,3
2159,left,159,1
2160,left,160,3
2161,left,161,2
2162,left,162,1
2163,left,163,2
2164,left,164,1
2165,left,165,4
2166,left,166,3
2167,left,167,3
2168,left,168,1
2169,left,169,1
2170,left,170,4
2171,left,171,2
2172,left,172,2
2173,left,173,1
2174,left,174,1
2175,left,175,4
2176,left,176,3
2177,left,177,4
2178,left,178,4
2179,left,179,4
2180,left,180,2
2181,left,181,3
2182,left,182,3
2183,left,183,2
2184,left,184,4
2185,left,185,2
2186,left,186,3
2187,left,187,2
2188,left,188,3
2189,left,189,3
2190,left,190,3
2191,left,191,3
2192,left,192,4
2193,left,193,3
2194,left,194,2
2195,left,195,4
2196,left,196,3
2197,left,197,4
2198,left,198,3
2199,left,199,3
2200,left,200,4
2201,left,201,4
2202,left,202,2
2203,left,203,2
2204,left,204,3
2205,left,205,2
2206,left,206,1
2207,left,207,3
2208,left,208,2
2209,left,209,3
2210,left,210,3
2211,left,211,3
2212,left,212,3
2213,left,213,1
2214,left,214,5
2215,left,215,4
2216,left,216,3
2217,left,217,3
2218,left,218,2
2219,left,219,2
2220,left,220,1
2221,left,221,3
2222,left,222,3
2223,left,223,1
2224,left,224,2
2225,left,225,2
2226,left,226,3
2227,left,227,4
2228,left,228,2
2229,left,229,1
2230,left,230,3
2231,left,231,4
2232,left,232,4
2233,left,233,3
2234,left,234,3
2235,left,235,1
2236,left,236,1
2237,left,237,1
2238,left,238,2
2239,left,239,2
2240,left,240,4
2241,left,241,3
2242,left,242,3
2243,left,243,4
2244,left,244,4
2245,left,245,2
2246,left,246,3
2247,left,247,3
2248,left,248,3
2249,left,249,3
2250,left,250,2
2251,left,251,1
2252,left,252,3
2253,left,253,3
2254,left,254,1
2255,left,255,3
2256,left,256,3
2257,left,257,3
2258,left,258,3
2259,left,259,3
2260,left,260,3
2261,left,261,3
2262,left,262,1
2263,left,263,2
2264,left,264,2
2265,left,265,1
2266,left,266,1
2267,left,267,3
2268,left,268,4
2269,left,269,3
2270,left,270,2
2271,left,271,4
2272,left,272,2
2273,left,273,1
2274,left,274,4
2275,left,275,3
2276,left,276,3
2277,left,277,2
2278,left,278,4
2279,left,279,3
2280,left,280,3
2281,left,281,5
2282,left,282,5
2283,left,283,2
2284,left,284,3
2285,left,285,2
2286,left,286,1
2287,left,287,3
2288,left,288,2
2289,left,289,4
2290,left,290,2
2291,left,291,1
2292,left,292,3
2293,left,293,4
2294,left,294,3
2295,left,295,3
2296,left,296,4
2297,left,297,3
2298,left,298,3
2299,left,299,3
2300,left,300,3
2301,left,301,2
2302,left,302,2
2303,left,303,4
2304,left,304,1
2305,left,305,3
2306,left,306,4
2307,left,307,3
2308,left,308,4
2309,left,309,2
2310,left,310,4
2311,left,311,3
2312,left,312,2
2313,left,313,1
2314,left,314,1
2315,left,315,3
2316,left,316,3
2317,left,317,3
2318,left,318,1
2319,left,319,2
2320,left,320,1
2321,left,321,3
2322,left,322,2
2323,left,323,1
2324,left,324,2
2325,left,325,3
2326,left,326,2
2327,left,327,1
2328,left,328,3
2329,left,329,4
2330,left,330,3
2331,left,331,3
2332,left,332,1
2333,left,333,3
2334,left,334,2
2335,left,335,4
2336,left,336,3
2337,left,337,4
2338,left,338,3
2339,left,339,3
2340,left,340,4
2341,left,341,2
2342,left,342,4
2343,left,343,2
2344,left,344,1
2345,left,345,1
2346,left,346,1
2347,left,347,3
2348,left,348,4
2349,left,349,3
2350,left,350,2
2351,left,351,4
2352,left,352,3
2353,left,353,3
2354,left,354,2
2355,left,355,1
2356,left,356,1
2357,left,357,2
2358,left,358,3
2359,left,359,1
2360,left,360,1
2361,left,361,1
2362,left,362,3
2363,left,363,3
2364,left,364,2
2365,left,365,3
2366,left,366,2
2367,left,367,3
2368,left,368,2
2369,left,369,5
2370,left,370,2
2371,left,371,4
2372,left,372,4
2373,left,373,4
2374,left,374,3
2375,left,375,4
2376,left,376,2
2377,left,377,3
2378,left,378,3
2379,left,379,2
2380,left,380,1
2381,left,381,3
2382,left,382,2
2383,left,383,2
2384,left,384,2
2385,left,385,2
2386,left,386,2
2387,left,387,3
2388,left,388,2
2389,left,389,3
2390,left,390,1
2391,left,391,1
2392,left,392,4
2393,left,393,1
2394,left,394,2
2395,left,395,4
2396,left,396,1
2397,left,397,4
2398,left,398,2
2399,left,399,4
2400,left,400,1
2401,left,401,2
2402,left,402,1
2403,left,403,1
2404,left,404,3
2405,left,405,2
2406,left,406,1
2407,left,407,4
2408,left,408,4
2409,left,409,1
2410,left,410,1
2411,left,411,4
2412,left,412,5
2413,left,413,3
2414,left,414,5
2415,left,415,4
2416,left,416,2
2417,left,417,1
2418,left,418,1
2419,left,419,2
2420,left,420,1
2421,left,421,1
2422,left,422,1
2423,left,423,1
2424,left,424,4
2425,left,425,4
2426,left,426,4
2427,left,427,2
2428,left,428,1
2429,left,429,3
2430,left,430,2
2431,left,431,3
2432,left,432,2
2433,left,433,1
2434,left,434,2
2435,left,435,1
2436,left,436,1
2437,left,437,3
2438,left,438,3
2439,left,439,4
2440,left,440,4
2441,left,441,5
2442,left,442,2
2443,left,443,1
2444,left,444,2
2445,left,445,3
2446,left,446,2
2447,left,447,4
2448,left,448,3
2449,left,449,3
2450,left,450,2
2451,left,451,4
2452,left,452,2
2453,left,453,1
2454,left,454,1
2455,left,455,3
2456,left,456,2
2457,left,457,2
2458,left,458,3
2459,left,459,4
2460,left,460,4
2461,left,461,3
2462,left,462,2
2463,left,463,2
2464,left,464,1
2465,left,465,2
2466,left,466,1
2467,left,467,1
2468,left,468,2
2469,left,469,4
2470,left,470,4
2471,left,471,4
2472,left,472,3
2473,left,473,4
2474,left,474,3
2475,left,475,4
2476,left,476,3
2477,left,477,3
2478,left,478,4
2479,left,479,3
2480,left,480,1
2481,left,481,2
2482,left,482,2
2483,left,483,1
2484,left,484,3
2485,left,485,2
2486,left,486,4
2487,left,487,3
2488,left,488,3
2489,left,489,2
2490,left,490,1
2491,left,491,3
2492,left,492,2
2493,left,493,2
2494,left,494,4
2495,left,495,3
2496,left,496,3
2497,left,497,1
2498,left,498,1
2499,left,499,3
2500,left,500,3
2501,left,501,3
2502,left,502,3
2503,left,503,2
2504,left,504,1
2505,left,505,3
2506,left,506,3
2507,left,507,2
2508,left,508,4
2509,left,509,2
2510,left,510,3
2511,left,511,3
2512,left,512,1
2513,left,513,1
2514,left,514,1
2515,left,515,1
2516,left,516,2
2517,left,517,4
2518,left,518,1
2519,left,519,3
2520,left,520,3
2521,left,521,4
2522,left,522,2
2523,left,523,3
2524,left,524,2
2525,left,525,3
2526,left,526,3
2527,left,527,3
2528,left,528,2
2529,left,529,3
2530,left,530,2
2531,left,531,4
2532,left,532,4
2533,left,533,2
2534,left,534,4
2535,left,535,3
2536,left,536,2
2537,left,537,2
2538,left,538,4
2539,left,539,5
2540,left,540,4
2541,left,541,3
2542,left,542,4
2543,left,543,4
2544,left,544,2
2545,left,545,3
2546,left,546,1
2547,left,547,1
2548,left,548,4
2549,left,549,2
2550,left,550,3
2551,left,551,4
2552,left,552,2
2553,left,553,2
2554,left,554,2
2555,left,555,2
2556,left,556,3
2557,left,557,3
2558,left,558,2
2559,left,559,3
2560,left,560,2
2561,left,561,3
2562,left,562,5
2563,left,563,5
2564,left,564,4
2565,left,565,4
2566,left,566,2
2567,left,567,2
2568,left,568,1
2569,left,569,2
2570,left,570,1
2571,left,571,4
2572,left,572,1
2573,left,573,1
2574,left,574,3
2575,left,575,3
2576,left,576,2
2577,left,577,4
2578,left,578,3
2579,left,579,2
2580,left,580,3
2581,left,581,2
2582,left,582,3
2583,left,583,3
2584,left,584,4
2585,left,585,3
2586,left,586,4
2587,left,587,3
2588,left,588,2
2589,left,589,2
2590,left,590,2
2591,left,591,3
2592,left,592,2
2593,left,593,1
2594,left,594,1
2595,left,595,1
2596,left,596,2
2597,left,597,2
2598,left,598,4
2599,left,599,4
2600,left,600,4
2601,left,601,3
2602,left,602,2
2603,left,603,4
2604,left,604,5
2605,left,605,4
2606,left,606,3
2607,left,607,3
2608,left,608,3
2609,left,609,3
2610,left,610,2
2611,left,611,4
2612,left,612,5
2613,left,613,3
2614,left,614,4
2615,left,615,4
2616,left,616,3
2617,left,617,3
2618,left,618,4
2619,left,619,4
2620,left,620,3
2621,left,621,3
2622,left,622,2
2623,left,623,3
2624,left,624,4
2625,left,625,1
2626,left,626,1
2627,left,627,2
2628,left,628,1
2629,left,629,3
2630,left,630,4
2631,left,631,3
2632,left,632,3
2633,left,633,2
2634,left,634,4
2635,left,635,3
2636,left,636,3
2637,left,637,2
2638,left,638,1
2639,left,639,3
2640,left,640,2
2641,left,641,1
2642,left,642,2
2643,left,643,4
2644,left,644,2
2645,left,645,3
2646,left,646,2
2647,left,647,3
2648,left,648,3
2649,left,649,3
2650,left,650,3
2651,left,651,2
2652,left,652,2
2653,left,653,3
2654,left,654,3
2655,left,655,2
2656,left,656,2
2657,left,657,4
2658,left,658,1
2659,left,659,2
2660,left,660,2
2661,left,661,4
2662,left,662,3
2663,left,663,1
2664,left,664,3
2665,left,665,3
2666,left,666,2
2667,left,667,3
2668,left,668,3
2669,left,669,2
2670,left,670,2
2671,left,671,4
2672,left,672,4
2673,left,673,3
2674,left,674,3
2675,left,675,3
2676,left,676,4
2677,left,677,3
2678,left,678,4
2679,left,679,3
2680,left,680,5
2681,left,681,3
2682,left,682,4
2683,left,683,2
2684,left,684,2
2685,left,685,3
2686,left,686,2
2687,left,687,1
2688,left,688,1
2689,left,689,3
2690,left,690,3
2691,left,691,4
2692,left,692,2
2693,left,693,1
2694,left,694,2
2695,left,695,2
2696,left,696,1
2697,left,697,2
2698,left,698,3
2699,left,699,2
2700,left,700,2
2701,left,701,2
2702,left,702,2
2703,left,703,2
2704,left,704,2
2705,left,705,2
2706,left,706,2
2707,left,707,3
2708,left,708,3
2709,left,709,4
2710,left,710,2
2711,left,711,3
2712,left,712,2
2713,left,713,2
2714,left,714,3
2715,left,715,1
2716,left,716,2
2717,left,717,3
2718,left,718,4
2719,left,719,2
2720,left,720,2
2721,left,721,1
2722,left,722,2
2723,left,723,2
2724,left,724,3
2725,left,725,2
2726,left,726,3
2727,left,727,2
2728,left,728,4
2729,left,729,3
2730,left,730,3
2731,left,731,3
2732,left,732,2
2733,left,733,1
2734,left,734,1
2735,left,735,3
2736,left,736,4
2737,left,737,3
2738,left,738,2
2739,left,739,3
2740,left,740,2
2741,left,741,2
2742,left,742,2
2743,left,743,4
2744,left,744,3
2745,left,745,3
2746,left,746,2
2747,left,747,2
2748,left,748,2
2749,left,749,1
2750,left,750,1
2751,left,751,2
2752,left,752,3
2753,left,753,2
2754,left,754,3
2755,left,755,1
2756,left,756,3
2757,left,757,4
2758,left,758,4
2759,left,759,4
2760,left,760,2
2761,left,761,2
2762,left,762,4
2763,left,763,1
2764,left,764,3
2765,left,765,1
2766,left,766,3
2767,left,767,4
2768,left,768,4
2769,left,769,4
2770,left,770,2
2771,left,771,3
2772,left,772,1
2773,left,773,4
2774,left,774,3
2775,left,775,3
2776,left,776,3
2777,left,777,3
2778,left,778,2
2779,left,779,2
2780,left,780,2
2781,left,781,2
2782,left,782,2
2783,left,783,1
2784,left,784,3
2785,left,785,3
2786,left,786,2
2787,left,787,3
2788,left,788,3
2789,left,789,3
2790,left,790,2
2791,left,791,2
2792,left,792,2
2793,left,793,3
2794,left,794,2
2795,left,795,3
2796,left,796,1
2797,left,797,3
2798,left,798,2
2799,left,799,1
2800,left,800,2
2801,right,1,2
2802,right,2,3
2803,right,3,3
2804,right,4,2
2805,right,5,2
2806,right,6,3
2807,right,7,4
2808,right,8,2
2809,right,9,4
2810,right,10,3
2811,right,11,2
2812,right,12,2
2813,right,13,3
2814,right,14,4
2815,right,15,4
2816,right,16,3
2817,right,17,2
2818,right,18,3
2819,right,19,3
2820,right,20,4
2821,right,21,3
2822,right,22,2
2823,right,23,1
2824,right,24,2
2825,right,25,2
2826,right,26,2
2827,right,27,3
2828,right,28,2
2829,right,29,4
2830,right,30,3
2831,right,31,3
2832,right,32,3
2833,right,33,3
2834,right,34,2
2835,right,35,3
2836,right,36,2
2837,right,37,1
2838,right,38,3
2839,right,39,3
2840,right,40,2
2841,right,41,2
2842,right,42,3
2843,right,43,3
2844,right,44,4
2845,right,45,2
2846,right,46,4
2847,right,47,3
2848,right,48,5
2849,right,49,2
2850,right,50,3
2851,right,51,2
2852,right,52,2
2853,right,53,1
2854,right,54,1
2855,right,55,2
2856,right,56,2
2857,right,57,1
2858,right,58,3
2859,right,59,2
2860,right,60,3
2861,right,61,2
2862,right,62,4
2863,right,63,3
2864,right,64,2
2865,right,65,4
2866,right,66,4
2867,right,67,4
2868,right,68,3
2869,right,69,3
2870,right,70,3
2871,right,71,3
2872,right,72,2
2873,right,73,1
2874,right,74,1
2875,right,75,3
2876,right,76,2
2877,right,77,2
2878,right,78,2
2879,right,79,2
2880,right,80,3
2881,right,81,4
2882,right,82,4
2883,right,83,3
2884,right,84,3
2885,right,85,2
2886,right,86,2
2887,right,87,3
2888,right,88,3
2889,right,89,2
2890,right,90,3
2891,right,91,2
2892,right,92,2
2893,right,93,2
2894,right,94,3
2895,right,95,2
2896,right,96,1
2897,right,97,3
2898,right,98,1
2899,right,99,3
2900,right,100,2
2901,right,101,3
2902,right,102,2
2903,right,103,2
2904,right,104,1
2905,right,105,2
2906,right,106,1
2907,right,107,4
2908,right,108,4
2909,right,109,4
2910,right,110,4
2911,right,111,4
2912,right,112,2
2913,right,113,1
2914,right,114,3
2915,right,115,5
2916,right,116,3
2917,right,117,2
2918,right,118,2
2919,right,119,1
2920,right,120,2
2921,right,121,2
2922,right,122,3
2923,right,123,2
2924,right,124,4
2925,right,125,1
2926,right,126,4
2927,right,127,3
2928,right,128,2
2929,right,129,3
2930,right,130,3
2931,right,131,2
2932,right,132,2
2933,right,133,3
2934,right,134,3
2935,right,135,2
2936,right,136,2
2937,right,137,3
2938,right,138,2
2939,right,139,4
2940,right,140,4
2941,right,141,2
2942,right,142,1
2943,right,143,1
2944,right,144,3
2945,right,145,3
2946,right,146,3
2947,right,147,3
2948,right,148,4
2949,right,149,3
2950,right,150,3
2951,right,151,3
2952,right,152,3
2953,right,153,3
2954,right,154,2
2955,right,155,1
2956,right,156,1
2957,right,157,3
2958,right,158,2
2959,right,159,1
2960,right,160,1
2961,right,161,4
2962,right,162,4
2963,right,163,3
2964,right,164,3
2965,right,165,1
2966,right,166,1
2967,right,167,1
2968,right,168,1
2969,right,169,3
2970,right,170,3
2971,right,171,3
2972,right,172,3
2973,right,173,2
2974,right,174,4
2975,right,175,2
2976,right,176,2
2977,right,177,3
2978,right,178,2
2979,right,179,1
2980,right,180,1
2981,right,181,1
2982,right,182,1
2983,right,183,3
2984,right,184,2
2985,right,185,4
2986,right,186,4
2987,right,187,3
2988,right,188,3
2989,right,189,4
2990,right,190,3
2991,right,191,2
2992,right,192,2
2993,right,193,3
2994,right,194,4
2995,right,195,3
2996,right,196,2
2997,right,197,2
2998,right,198,2
2999,right,199,4
3000,right,200,3
3001,right,201,2
3002,right,202,1
3003,right,203,1
3004,right,204,2
3005,right,205,1
3006,right,206,3
3007,right,207,4
3008,right,208,3
3009,right,209,3
3010,right,210,2
3011,right,211,1
3012,right,212,2
3013,right,213,3
3014,right,214,2
3015,right,215,3
3016,right,216,2
3017,right,217,1
3018,right,218,1
3019,right,219,4
3020,right,220,1
3021,right,221,2
3022,right,222,2
3023,right,223,2
3024,right,224,4
3025,right,225,3
3026,right,226,2
3027,right,227,4
3028,right,228,2
3029,right,229,3
3030,right,230,2
3031,right,231,2
3032,right,232,3
3033,right,233,4
3034,right,234,2
3035,right,235,4
3036,right,236,2
3037,right,237,4
3038,right,238,2
3039,right,239,2
3040,right,240,3
3041,right,241,1
3042,right,242,2
3043,right,243,2
3044,right,244,3
3045,right,245,1
3046,right,246,1
3047,right,247,1
3048,right,248,4
3049,right,249,4
3050,right,250,3
3051,right,251,4
3052,right,252,3
3053,right,253,2
3054,right,254,2
3055,right,255,1
3056,right,256,2
3057,right,257,1
3058,right,258,2
3059,right,259,1
3060,right,260,2
3061,right,261,3
3062,right,262,2
3063,right,263,3
3064,right,264,3
3065,right,265,3
3066,right,266,3
3067,right,267,3
3068,right,268,2
3069,right,269,2
3070,right,270,4
3071,right,271,3
3072,right,272,3
3073,right,273,3
3074,right,274,4
3075,right,275,2
3076,right,276,2
3077,right,277,1
3078,right,278,2
3079,right,279,2
3080,right,280,4
3081,right,281,3
3082,right,282,2
3083,right,283,4
3084,right,284,4
3085,right,285,4
3086,right,286,3
3087,right,287,2
3088,right,288,1
3089,right,289,3
3090,right,290,1
3091,right,291,1
3092,right,292,4
3093,right,293,4
3094,right,294,4
3095,right,295,2
3096,right,296,1
3097,right,297,1
3098,right,298,2
3099,right,299,1
3100,right,300,2
3101,right,301,2
3102,right,302,2
3103,right,303,3
3104,right,304,3
3105,right,305,3
3106,right,306,2
3107,right,307,4
3108,right,308,3
3109,right,309,3
3110,right,310,3
3111,right,311,3
3112,right,312,2
3113,right,313,2
3114,right,314,3
3115,right,315,3
3116,right,316,3
3117,right,317,4
3118,right,318,4
3119,right,319,3
3120,right,320,2
3121,right,321,3
3122,right,322,2
3123,right,323,3
3124,right,324,2
3125,right,325,2
3126,right,326,3
3127,right,327,3
3128,right,328,1
3129,right,329,3
3130,right,330,3
3131,right,331,4
3132,right,332,3
3133,right,333,2
3134,right,334,3
3135,right,335,4
3136,right,336,2
3137,right,337,3
3138,right,338,3
3139,right,339,4
3140,right,340,2
3141,right,341,3
3142,right,342,2
3143,right,343,4
3144,right,344,3
3145,right,345,4
3146,right,346,4
3147,right,347,3
3148,right,348,3
3149,right,349,2
3150,right,350,2
3151,right,351,3
3152,right,352,3
3153,right,353,3
3154,right,354,2
3155,right,355,3
3156,right,356,3
3157,right,357,3
3158,right,358,5
3159,right,359,3
3160,right,360,2
3161,right,361,1
3162,right,362,2
3163,right,363,3
3164,right,364,1
3165,right,365,3
3166,right,366,2
3167,right,367,3
3168,right,368,3
3169,right,369,3
3170,right,370,2
3171,right,371,2
3172,right,372,4
3173,right,373,3
3174,right,374,2
3175,right,375,1
3176,right,376,1
3177,right,377,2
3178,right,378,2
3179,right,379,2
3180,right,380,1
3181,right,381,2
3182,right,382,2
3183,right,383,1
3184,right,384,2
3185,right,385,2
3186,right,386,2
3187,right,387,3
3188,right,388,2
3189,right,389,3
3190,right,390,3
3191,right,391,3
3192,right,392,3
3193,right,393,3
3194,right,394,2
3195,right,395,4
3196,right,396,3
3197,right,397,2
3198,right,398,3
3199,right,399,2
3200,right,400,3
3201,right,401,2
3202,right,402,2
3203,right,403,5
3204,right,404,1
3205,right,405,2
3206,right,406,3
3207,right,407,3
3208,right,408,4
3209,right,409,3
3210,right,410,2
3211,right,411,3
3212,right,412,3
3213,right,413,3
3214,right,414,2
3215,right,415,4
3216,right,416,2
3217,right,417,4
3218,right,418,4
3219,right,419,3
3220,right,420,3
3221,right,421,2
3222,right,422,4
3223,right,423,4
3224,right,424,3
3225,right,425,2
3226,right,426,4
3227,right,427,2
3228,right,428,1
3229,right,429,1
3230,right,430,2
3231,right,431,4
3232,right,432,3
3233,right,433,2
3234,right,434,2
3235,right,435,2
3236,right,436,2
3237,right,437,4
3238,right,438,3
3239,right,439,3
3240,right,440,2
3241,right,441,3
3242,right,442,2
3243,right,443,3
3244,right,444,3
3245,right,445,1
3246,right,446,3
3247,right,447,4
3248,right,448,2
3249,right,449,3
3250,right,450,3
3251,right,451,4
3252,right,452,4
3253,right,453,3
3254,right,454,3
3255,right,455,3
3256,right,456,4
3257,right,457,3
3258,right,458,2
3259,right,459,2
3260,right,460,3
3261,right,461,2
3262,right,462,2
3263,right,463,3
3264,right,464,2
3265,right,465,4
3266,right,466,2
3267,right,467,2
3268,right,468,4
3269,right,469,4
3270,right,470,4
3271,right,471,3
3272,right,472,5
3273,right,473,2
3274,right,474,1
3275,right,475,1
3276,right,476,3
3277,right,477,4
3278,right,478,2
3279,right,479,3
3280,right,480,2
3281,right,481,2
3282,right,482,3
3283,right,483,2
3284,right,484,1
3285,right,485,4
3286,right,486,2
3287,right,487,1
3288,right,488,3
3289,right,489,3
3290,right,490,1
3291,right,491,5
3292,right,492,1
3293,right,493,3
3294,right,494,2
3295,right,495,2
3296,right,496,3
3297,right,497,1
3298,right,498,2
3299,right,499,1
3300,right,500,1
3301,right,501,4
3302,right,502,2
3303,right,503,4
3304,right,504,2
3305,right,505,3
3306,right,506,4
3307,right,507,4
3308,right,508,4
3309,right,509,4
3310,right,510,2
3311,right,511,1
3312,right,512,2
3313,right,513,3
3314,right,514,1
3315,right,515,3
3316,right,516,4
3317,right,517,4
3318,right,518,3
3319,right,519,3
3320,right,520,3
3321,right,521,4
3322,right,522,3
3323,right,523,5
3324,right,524,3
3325,right,525,2
3326,right,526,3
3327,right,527,2
3328,right,528,1
3329,right,529,2
3330,right,530,1
3331,right,531,2
3332,right,532,1
3333,right,533,1
3334,right,534,1
3335,right,535,3
3336,right,536,2
3337,right,537,4
3338,right,538,3
3339,right,539,4
3340,right,540,2
3341,right,541,2
3342,right,542,3
3343,right,543,2
3344,right,544,2
3345,right,545,2
3346,right,546,4
3347,right,547,4
3348,right,548,4
3349,right,549,4
3350,right,550,4
3351,right,551,2
3352,right,552,3
3353,right,553,2
3354,right,554,1
3355,right,555,2
3356,right,556,3
3357,right,557,3
3358,right,558,2
3359,right,559,2
3360,right,560,3
3361,right,561,3
3362,right,562,2
3363,right,563,1
3364,right,564,2
3365,right,565,2
3366,right,566,2
3367,right,567,3
3368,right,568,1
3369,right,569,1
3370,right,570,3
3371,right,571,1
3372,right,572,2
3373,right,573,1
3374,right,574,2
3375,right,575,3
3376,right,576,2
3377,right,577,3
3378,right,578,2
3379,right,579,3
3380,right,580,4
3381,right,581,2
3382,right,582,3
3383,right,583,3
3384,right,584,4
3385,right,585,3
3386,right,586,2
3387,right,587,3
3388,right,588,2
3389,right,589,3
3390,right,590,2
3391,right,591,4
3392,right,592,3
3393,right,593,2
3394,right,594,3
3395,right,595,2
3396,right,596,2
3397,right,597,3
3398,right,598,3
3399,right,599,3
3400,right,600,3
3401,right,601,3
3402,right,602,2
3403,right,603,1
3404,right,604,1
3405,right,605,2
3406,right,606,3
3407,right,607,3
3408,right,608,3
3409,right,609,2
3410,right,610,4
3411,right,611,3
3412,right,612,3
3413,right,613,3
3414,right,614,2
3415,right,615,2
3416,right,616,1
3417,right,617,1
3418,right,618,2
3419,right,619,2
3420,right,620,2
3421,right,621,2
3422,right,622,3
3423,right,623,2
3424,right,624,1
3425,right,625,4
3426,right,626,2
3427,right,627,2
3428,right,628,3
3429,right,629,4
3430,right,630,2
3431,right,631,3
3432,right,632,3
3433,right,633,3
3434,right,634,2
3435,right,635,2
3436,right,636,4
3437,right,637,2
3438,right,638,1
3439,right,639,4
3440,right,640,3
3441,right,641,3
3442,right,642,3
3443,right,643,2
3444,right,644,1
3445,right,645,2
3446,right,646,1
3447,right,647,4
3448,right,648,1
3449,right,649,4
3450,right,650,3
3451,right,651,3
3452,right,652,3
3453,right,653,3
3454,right,654,3
3455,right,655,2
3456,right,656,3
3457,right,657,2
3458,right,658,3
3459,right,659,2
3460,right,660,2
3461,right,661,3
3462,right,662,2
3463,right,663,2
3464,right,664,3
3465,right,665,2
3466,right,666,3
3467,right,667,2
3468,right,668,1
3469,right,669,2
3470,right,670,2
3471,right,671,1
3472,right,672,1
3473,right,673,3
3474,right,674,2
3475,right,675,1
3476,right,676,1
3477,right,677,3
3478,right,678,2
3479,right,679,4
3480,right,680,4
3481,right,681,4
3482,right,682,1
3483,right,683,3
3484,right,684,2
3485,right,685,3
3486,right,686,4
3487,right,687,3
3488,right,688,3
3489,right,689,2
3490,right,690,3
3491,right,691,2
3492,right,692,4
3493,right,693,1
3494,right,694,2
3495,right,695,4
3496,right,696,3
3497,right,697,2
3498,right,698,1
3499,right,699,3
3500,right,700,2
3501,right,701,4
3502,right,702,3
3503,right,703,2
3504,right,704,2
3505,right,705,2
3506,right,706,3
3507,right,707,3
3508,right,708,4
3509,right,709,4
3510,right,710,3
3511,right,711,2
3512,right,712,1
3513,right,713,3
3514,right,714,2
3515,right,715,2
3516,right,716,2
3517,right,717,1
3518,right,718,3
3519,right,719,3
3520,right,720,3
3521,right,721,3
3522,right,722,3
3523,right,723,2
3524,right,724,2
3525,right,725,2
3526,right,726,3
3527,right,727,3
3528,right,728,3
3529,right,729,2
3530,right,730,4
3531,right,731,3
3532,right,732,2
3533,right,733,3
3534,right,734,2
3535,right,735,4
3536,right,736,4
3537,right,737,3
3538,right,738,2
3539,right,739,2
3540,right,740,2
3541,right,741,1
3542,right,742,1
3543,right,743,1
3544,right,744,3
3545,right,745,2
3546,right,746,3
3547,right,747,3
3548,right,748,4
3549,right,749,3
3550,right,750,2
3551,right,751,1
3552,right,752,1
3553,right,753,2
3554,right,754,3
3555,right,755,3
3556,right,756,3
3557,right,757,2
3558,right,758,2
3559,right,759,1
3560,right,760,2
3561,right,761,2
3562,right,762,1
3563,right,763,2
3564,right,764,3
3565,right,765,2
3566,right,766,3
3567,right,767,4
3568,right,768,4
3569,right,769,2
3570,right,770,1
3571,right,771,2
3572,right,772,2
3573,right,773,4
3574,right,774,2
3575,right,775,2
3576,right,776,4
3577,right,777,5
3578,right,778,2
3579,right,779,3
3580,right,780,2
3581,right,781,2
3582,right,782,1
3583,right,783,2
3584,right,784,3
3585,right,785,2
3586,right,786,2
3587,right,787,4
3588,right,788,3
3589,right,789,2
3590,right,790,4
3591,right,791,4
3592,right,792,2
3593,right,793,3
3594,right,794,2
3595,right,795,1
3596,right,796,3
3597,right,797,3
3598,right,798,4
3599,right,799,5
3600,right,800,1
